8-bp barcode (rc),Index,Qubit (Initial),qPCR (Cq),PCR2_Plate,PCR2_Well,Cycles,Barcode Well ,Qubit Final,Depth,Control,Station,FILTERED,MONTH,DAY,YEAR,Date,SampleString,# reads (raw),# reads (Q10 Trim & Merge),# reads (Discard Ns),# reads (Remove Chimeras),% Step 1 Loss,% Step 2 Loss,Step 3 Loss (%),Total Loss (%)
AAACAAGA,78,,18.65202229,4,(ABCD)6,19,G6,0.508,0,FALSE,CB7.4,TRUE,7,11,2016,7/11/16,7.11.16 CB 7.4-2,146033,137877,110494,51163,0.94414961,0.801395447,0.463038717,0.350352318
AAATCATT,90,2.88,18.09,4,(EFGH)6,19,H6,0.352,4,FALSE,CB3.3C,TRUE,6,1,2017,6/1/17,6.1.17 G2 4m,65641,59608,48212,27141,0.90809098,0.808817608,0.562951132,0.413476333
AAATTGGA,65,,17.79042841,3,(EFGH)5,18,F5,0.454,0,FALSE,CB5.3,TRUE,8,29,2016,8/29/16,8.29.16 CB 5.3-1,281353,261802,211240,126647,0.930510782,0.806869313,0.599540807,0.450135595
AACAGTAT,27,,17.3631028,2,(ABCD)3,17,C3,0.633,0,FALSE,CB5.3,TRUE,7,11,2016,7/11/16,7.11.16 CB 5.3-2,327942,307480,250663,137279,0.93760482,0.81521725,0.547663596,0.418607559
AACCCGTT,70,2.54,17.76,3,(EFGH)10,18,F10,0.624,6,FALSE,CB3.3C,TRUE,6,1,2017,6/1/17,6.1.17 G1 6m,164022,151104,123655,68482,0.921242272,0.818343657,0.55381505,0.417517162
AAGGAACG,57,,17.56779909,3,(ABCD)9,18,E9,0.309,0,FALSE,CB4.1C,TRUE,7,12,2016,7/12/16,7.12.16 CB 4.1C,3982,3703,2988,1801,0.929934706,0.806913314,0.602744311,0.452285284
AATACAGG,47,11.6,16.27,2,(EFGH)11,17,D11,0.683,3,FALSE,CB3.3C,TRUE,6,1,2017,6/1/17,6.1.17 G1 3m,301775,276644,221289,100275,0.916722724,0.799905293,0.453140463,0.332283986
AATGTCAA,19,,16.56786168,1,(EFGH)7,17,B7,0.519,20,FALSE,CB3.3C,TRUE,7,25,2016,7/25/16,7.25.16 BB 20m (2),374635,347630,278530,144627,0.927916505,0.801225441,0.519251068,0.386047753
ACAAACTA,81,,18.38367973,4,(ABCD)9,19,G9,0.262,0,FALSE,CB7.2,TRUE,7,11,2016,7/11/16,7.11.16 CB 7.2-1,16927,15929,12763,8884,0.941040941,0.801243016,0.696074591,0.524841968
ACACCTCG,9,,16.51543198,1,(ABCD)9,17,A9,1.29,,TRUE,,,,,,,Control2 ML0,593090,546679,445979,136202,0.921747121,0.815796839,0.30540003,0.229648114
ACCATACT,64,,17.80510492,3,(EFGH)4,18,F4,0.479,0,FALSE,CB4.2C,TRUE,8,9,2016,8/9/16,8.9.16 CB 4.2C,229557,211043,171341,93227,0.919349007,0.8118772,0.544102112,0.406116999
ACCTCCCA,52,,17.73182524,3,(ABCD)4,18,E4,0.227,0,FALSE,CB4.3C,TRUE,7,12,2016,7/12/16,7.12.16 CB 4.3C,8064,7554,6204,4199,0.936755952,0.821286736,0.676821406,0.520709325
ACGGGCTG,5,1.06,17.33610173,1,(ABCD)5,17,A5,0.596,0,FALSE,CB7.3,TRUE,8,8,2016,8/8/16,8.8.16 CB 7.3(1),294967,271662,220522,110454,0.920991162,0.811751368,0.500875196,0.374462228
ACTAAGAT,92,3.33,18.07,4,(EFGH)8,19,H8,0.395,2,FALSE,CB3.3C,TRUE,6,1,2017,6/1/17,6.1.17 G1 2m,15188,13565,10853,6875,0.893139321,0.800073719,0.633465401,0.452659995
ACTTATTG,7,1.25,17.32672052,1,(ABCD)7,17,A7,0.761,0,FALSE,CB7.1,TRUE,8,29,2016,8/29/16,8.29.16 CB 7-1-2,398585,368541,303174,147508,0.924623355,0.822633031,0.48654568,0.370079155
AGAGAGGC,75,,18.57359383,4,(ABCD)3,19,G3,0.294,0,FALSE,CB7.4,TRUE,8,29,2016,8/29/16,8.29.16 CB 7.4-2,31477,29633,24160,14396,0.941417543,0.815307259,0.595860927,0.457349811
AGCTGACG,74,,18.24202805,4,(ABCD)2,19,G2,0.282,0,FALSE,CB4.1C,TRUE,8,30,2016,8/30/16,8.30.16 CB 4.1C,32295,29852,24086,17148,0.924353615,0.806847112,0.71194885,0.530980028
AGGCTTCA,62,,17.73833929,3,(EFGH)2,18,F2,0.93,12,FALSE,CB3.3C,TRUE,6,27,2016,6/27/16,6.27.16 BB 12m F,432662,402108,332370,168511,0.929381365,0.826568981,0.506998225,0.389474925
AGGTCGGT,18,,17.22593256,1,(EFGH)6,17,B6,0.728,0,FALSE,CB6.3,TRUE,8,8,2016,8/8/16,8.8.16 CB 6.3-2,507955,473589,389582,199373,0.932344401,0.822616235,0.511761324,0.392501304
AGTAGATG,95,2.4,18.16,4,(EFGH)11,19,H11,0.274,21,FALSE,CB3.3C,TRUE,6,1,2017,6/1/17,6.1.17 G2 21m,16572,15279,12172,8305,0.921976828,0.796648995,0.682303648,0.501146512
AGTATGCA,31,,16.48238936,2,(ABCD)7,17,C7,0.477,0,FALSE,CB2.2,TRUE,8,31,2016,8/31/16,8.31.16 CB 2.2-2,115274,104243,83715,43214,0.904306262,0.803075506,0.516203787,0.374880719
AGTCACCC,83,,18.04426928,4,(ABCD)11,19,G11,0.396,0,FALSE,CB6.4,TRUE,7,11,2016,7/11/16,7.11.16 CB 6.4-1,35603,33410,27799,18269,0.938404067,0.832056271,0.657181913,0.513130916
ATAGGTGG,37,,16.20470497,2,(EFGH)1,17,D1,1.03,0,FALSE,CB2.2,TRUE,8,10,2016,8/10/16,8.10.16 CB 2.2-1,964068,866502,701118,292855,0.898797595,0.809136044,0.417697164,0.303770066
ATCGCACC,28,,16.75647044,2,(ABCD)4,17,C4,0.532,0,FALSE,CB2.2,TRUE,8,10,2016,8/10/16,8.10.16  CB 2.2-2,408251,363147,299097,124994,0.889518948,0.823625144,0.417904559,0.306169489
ATGAAGTA,6,1.54,17.14995752,1,(ABCD)6,17,A6,0.826,0,FALSE,CB5.2,TRUE,8,29,2016,8/29/16,8.29.16 CB 5.2,367793,341819,276624,140780,0.929378754,0.809270403,0.508921858,0.382769656
ATGCCAGC,86,,17.95058778,4,(EFGH)2,19,H2,0.36,0,FALSE,CB4.1C,TRUE,8,9,2016,8/9/16,8.9.16 CB 4.1C,84807,78336,63332,39767,0.923697336,0.808466095,0.627913219,0.468911764
CAACTTCA,38,,15.86869799,2,(EFGH)2,17,D2,1.4,1,FALSE,CB3.3C,TRUE,6,27,2016,6/27/16,6.27.16 BB 1m F,625364,583961,480610,208293,0.933793759,0.823017291,0.43339298,0.333074817
CAAGCCTG,36,,16.8334235,2,(ABCD)12,17,C12,0.73,16,FALSE,CB3.3C,TRUE,8,12,2016,8/12/16,8.12.16 BB 16m(1),289847,270672,220724,124420,0.933844408,0.81546669,0.563690401,0.429260955
CACAACGA,69,,17.47520454,3,(EFGH)9,18,F9,0.393,0,FALSE,CB3.3C,TRUE,7,12,2016,7/12/16,7.12.16 CB 3.3 C,35004,32508,26305,17436,0.928693864,0.809185431,0.662839764,0.498114501
CACTCACT,51,,17.44459668,3,(ABCD)3,18,E3,0.214,0,FALSE,CB6.2,TRUE,8,8,2016,8/8/16,8.8.16 CB 6.2-2,15080,14065,11539,7962,0.932692308,0.820405261,0.6900078,0.527984085
CAGCGGCA,14,4.52,15.70625777,1,(EFGH)2,17,B2,0.994,4,FALSE,CB3.3C,FALSE,7,25,2016,7/25/16,7.25.16 BB 4m UF,427249,388615,311082,142876,0.909574979,0.800488916,0.459287262,0.334409209
CATCGCTA,89,2.11,17.92,4,(EFGH)5,19,H5,0.342,14,FALSE,CB3.3C,TRUE,6,1,2017,6/1/17,6.1.17 G1 14m,34305,31742,25737,14922,0.925287859,0.810818474,0.579787854,0.434980324
CCACGCAA,60,,17.65047592,3,(ABCD)12,18,E12,0.407,0,FALSE,CB6.4,TRUE,8,8,2016,8/8/16,8.8.16 CB 6.4-2,13129,12190,9961,6905,0.92847894,0.817145201,0.693203494,0.525934953
CCCAGGCA,45,6.22,17.33,2,(EFGH)9,17,D9,0.458,11,FALSE,CB3.3C,TRUE,6,1,2017,6/1/17,6.1.17 G1 11m,157851,146620,120369,58694,0.928850625,0.820958941,0.487617244,0.371831664
CCCGTTTC,93,2.83,17.99,4,(EFGH)9,19,H9,0.377,13,FALSE,CB3.3C,TRUE,6,1,2017,6/1/17,6.1.17 G1 13m,19491,18140,15203,9337,0.930685958,0.838092613,0.614155101,0.479041609
CCGACAAA,15,10.1,14.63461066,1,(EFGH)3,17,B3,1.25,4,FALSE,CB3.3C,TRUE,7,25,2016,7/25/16,7.25.16 BB 4m,1136004,1042931,849415,370739,0.918069831,0.814449853,0.436463919,0.326353604
CCGCACCG,85,,18.21374268,4,(EFGH)1,19,H1,0.312,0,FALSE,CB7.1,TRUE,8,29,2016,8/29/16,8.29.16 CB 7.1-1,957,839,690,464,0.876698015,0.822407628,0.672463768,0.484848485
CCTTTGAT,32,,17.19339724,2,(ABCD)8,17,C8,0.39,0,FALSE,CB3.3C,TRUE,8,9,2016,8/9/16,8.9.16 CB 3.3C,224720,208185,170930,101474,0.926419544,0.821048587,0.593658223,0.451557494
CGAATATT,56,,17.86732569,3,(ABCD)8,18,E8,0.259,0,FALSE,CB6.1,TRUE,8,8,2016,8/8/16,8.8.16 CB 6.1-2,3781,3511,2881,1988,0.92859032,0.820563942,0.690038181,0.525786829
CGACATTC,88,,18.20038383,4,(EFGH)4,19,H4,0.385,0,FALSE,CB3.1,TRUE,8,31,2016,8/31/16,8.31.16 CB 3.1 F,39211,36215,29609,18900,0.923592869,0.817589397,0.63831943,0.4820076
CGATGGTG,12,3.55,16.04536349,1,(ABCD)12,17,A12,1.28,18,FALSE,CB3.3C,TRUE,7,25,2016,7/25/16,7.25.16 BB 18m,891400,821511,672716,326370,0.921596365,0.818876436,0.485152724,0.366131927
CGCCAAGG,30,,17.04186667,2,(ABCD)6,17,C6,0.809,,TRUE,,,,,,,Control ML01,402187,366580,298413,104760,0.911466557,0.814046047,0.351057092,0.260475848
CGGAGTGC,54,,17.53387765,3,(ABCD)6,18,E6,0.104,0,FALSE,CB5.3,TRUE,8,29,2016,8/29/16,8.29.16 CB 5.3-2,18376,17246,14261,10487,0.938506748,0.826916386,0.735362177,0.57069003
CGTCCCAC,49,1.42,17.81415064,3,(ABCD)1,18,E1,0.771,0,FALSE,CB6.2,TRUE,8,8,2016,8/8/16,8.8.16 CB 6.2(1),84646,79086,65383,40957,0.934314675,0.826732924,0.626416653,0.483862203
CTACCGAT,71,3.44,17.51,3,(EFGH)11,18,F11,0.638,8,FALSE,CB3.3C,TRUE,6,1,2017,6/1/17,6.1.17 G2 8m,280111,252477,206784,99890,0.901346252,0.819021139,0.483064454,0.35660863
CTAGAATC,29,,16.79850934,2,(ABCD)5,17,C5,0.941,0,FALSE,CB3.1,TRUE,8,10,2016,8/10/16,8.10.16 CB 3.1,475876,429541,352238,161246,0.902632198,0.820033478,0.457775708,0.33884037
CTCATTGG,10,,17.39247625,1,(ABCD)10,17,A10,0.698,0,FALSE,CB5.1,TRUE,8,8,2016,8/8/16,8.8.16 CB 5.1,223954,201995,168171,88655,0.901948614,0.832550311,0.527171748,0.395862543
CTGTTAGT,50,1.5,17.56741753,3,(ABCD)2,18,E2,0.394,0,FALSE,CB7.1,TRUE,8,8,2016,8/8/16,8.8.16 CB 7.1-2,14820,13915,11367,8575,0.938933873,0.81688825,0.754376704,0.578609987
CTTCAGCT,79,,18.1003345,4,(ABCD)7,19,G7,0.31,0,FALSE,CB5.4,TRUE,8,8,2016,8/8/16,8.8.16 CB 5.4-2,32591,30523,25091,16338,0.936546899,0.822035842,0.651149815,0.501304041
CTTGCTTG,34,,16.04659767,2,(ABCD)10,17,C10,0.567,0,FALSE,CB2.2,TRUE,7,13,2016,7/13/16,7.13.16 CB 2.2(1),194090,175860,144548,68333,0.906074502,0.821949278,0.4727357,0.352068628
GAAACTGG,4,4.04,16.28930367,1,(ABCD)4,17,A4,1.2,,TRUE,,,,,,,6.29.17-Pos-ML0,648962,590763,473353,145506,0.910319865,0.801257018,0.30739427,0.224213436
GACATCAT,82,,18.56575259,4,(ABCD)10,19,G10,0.366,0,FALSE,CB7.2,TRUE,8,8,2016,8/8/16,8.8.16 CB 7.2-2,16492,15457,12556,8767,0.937242299,0.812318044,0.698231921,0.531591074
GAGCACAG,53,,17.4177177,3,(ABCD)5,18,E5,0.29,0,FALSE,CB6.3,TRUE,7,11,2016,7/11/16,7.11.16 CB 6.3-2,20764,19366,15557,9921,0.932671932,0.803315088,0.637719355,0.477798112
GAGTTTGA,26,,17.15304915,2,(ABCD)2,17,C2,0.427,16,FALSE,CB3.3C,TRUE,7,25,2016,7/25/16,7.25.16 BB 16m,49194,45837,37684,24291,0.931759971,0.822130593,0.644597177,0.493779729
GATTGAAG,58,,17.57067988,3,(ABCD)10,18,E10,0.226,0,FALSE,CB6.1,TRUE,8,29,2016,8/29/16,8.29.16 CB 6.1(1),31603,29435,23766,15399,0.931398918,0.807406149,0.647942439,0.487263867
GCAAGATA,55,,17.62068136,3,(ABCD)7,18,E7,0.494,0,FALSE,CB6.4,TRUE,8,29,2016,8/29/16,8.29.16 CB 6.4-2,24848,23301,18864,12897,0.937741468,0.809578988,0.683683206,0.519035737
GCAATGGA,76,,18.36313851,4,(ABCD)4,19,G4,0.426,,TRUE,,,,,,,Control ML04,67082,61770,49969,22781,0.920813333,0.808952566,0.45590266,0.339599296
GCCTGTTC,73,1.28,17.86856471,4,(ABCD)1,19,G1,0.512,0,FALSE,CB5.4,TRUE,8,29,2016,8/29/16,8.29.16 CB 5.4.2,30886,28955,24129,16973,0.937479764,0.833327577,0.703427411,0.549537007
GCGTAGGA,42,3.86,16.9,2,(EFGH)6,17,D6,0.284,8,FALSE,CB3.3C,TRUE,6,1,2017,6/1/17,6.1.17 G1 8m,100944,93344,75385,40126,0.924710731,0.807604131,0.532280958,0.397507529
GCTGCCGC,11,3.46,15.86230621,1,(ABCD)11,17,A11,0.1175,14,FALSE,CB3.3C,TRUE,7,25,2016,7/25/16,7.25.16 BB 14m,182372,165232,135593,74829,0.906016274,0.820621913,0.551864772,0.410309697
GGAGGCTG,80,,18.38323703,4,(ABCD)8,19,G8,0.273,0,FALSE,CB7.2,TRUE,8,29,2016,8/29/16,8.29.16 CB 7.2-1,28510,26819,21893,15129,0.940687478,0.816324248,0.691042799,0.53065591
GGCCTCGC,43,3.86,17.1,2,(EFGH)7,17,D7,0.553,14,FALSE,CB3.3C,TRUE,6,1,2017,6/1/17,6.1.17 G2 14mR,654819,608880,506670,226846,0.929844736,0.832134411,0.447719423,0.346425501
GGCGGGAA,8,3.41,16.02951173,1,(ABCD)8,17,A8,0.832,15,FALSE,CB3.3C,TRUE,8,12,2016,8/12/16,8.12.16 BB 15m,529779,490162,398192,214169,0.925219761,0.812368156,0.537853598,0.404261022
GGGCGAAA,41,4.27,17.21,2,(EFGH)5,17,D5,0.808,10,FALSE,CB3.3C,TRUE,6,1,2017,6/1/17,6.1.17 G2 10m,312106,284902,231871,105348,0.912837305,0.813862311,0.454338835,0.337539169
GGTAATGA,3,15.6,14.80212555,1,(ABCD)3,17,A3,0.475,0,FALSE,CB3.3C,TRUE,7,25,2016,7/25/16,7.25.16 BB 0mB,430566,390544,314390,139851,0.907047932,0.805005326,0.444832851,0.324807347
GGTGTACC,44,6.33,16.8,2,(EFGH)8,17,D8,0.493,5,FALSE,CB3.3C,TRUE,6,1,2017,6/1/17,6.1.17 G1 5m ,201237,186157,152990,72176,0.925063482,0.821833184,0.471769397,0.358661678
GTACGTTG,94,2.12,18.45,4,(EFGH)10,19,H10,0.347,7,FALSE,CB3.3C,TRUE,6,1,2017,6/1/17,6.1.17 G1 7m,24920,22745,18229,11153,0.912720706,0.801450868,0.611827308,0.447552167
GTAGTCGA,39,,16.16537563,2,(EFGH)3,17,D3,0.422,2,FALSE,CB3.3C,TRUE,8,12,2016,8/12/16,8.12.16 BB 2m(1),145106,133582,110003,53924,0.920582195,0.823486697,0.490204813,0.37161799
GTCACGGG,46,8.11,17.06,2,(EFGH)10,17,D10,0.328,15,FALSE,CB3.3C,TRUE,6,1,2017,6/1/17,6.1.17 G1 15m,145830,136012,110461,55175,0.932675033,0.812141576,0.49949756,0.378351505
GTCTAACG,22,,17.03608648,1,(EFGH)10,17,B10,1.02,0,FALSE,CB6.2,TRUE,8,29,2016,8/29/16,8.29.16 CB 6.2-1,721144,670181,544561,257990,0.929330342,0.8125581,0.473757761,0.357751018
GTGCTGAT,63,,17.73999975,3,(EFGH)3,18,F3,0.517,0,FALSE,CB4.3C,TRUE,8,9,2016,8/9/16,8.9.16 CB 4.3C,163677,150862,124967,70565,0.921705554,0.828353064,0.564669073,0.431123493
GTGGATAG,72,4.3,17.72,3,(EFGH)12,18,F12,0.428,19,FALSE,CB3.3C,TRUE,6,1,2017,6/1/17,6.1.17 G2 19m,203025,185690,149889,79252,0.914616427,0.807200172,0.528737933,0.390355868
GTTCGCAG,20,,17.170103,1,(EFGH)8,17,B8,1.17,0,FALSE,CB5.4,TRUE,8,8,2016,8/8/16,8.8.16 CB 5.4-1,143925,132561,107807,61133,0.921042209,0.813263328,0.567059653,0.424755949
TAAGGGAG,16,,15.88273507,1,(EFGH)4,17,B4,0.768,6,FALSE,CB3.3C,TRUE,7,25,2016,7/25/16,7.25.16 BB 6 (F),861946,784963,628724,269185,0.91068698,0.800960045,0.428144941,0.312299146
TACGATAC,61,,17.44569354,3,(EFGH)1,18,F1,0.441,0,FALSE,CB6.1,TRUE,8,29,2016,8/29/16,8.29.16 CB 6.1-2,96315,88588,71681,42438,0.919773659,0.809150224,0.592039732,0.440616726
TAGAGCCA,66,,17.78460891,3,(EFGH)6,18,F6,0.916,0,FALSE,CB4.4,TRUE,7,11,2016,7/11/16,7.11.16 CB 4.4,425417,397800,323831,164522,0.935082519,0.814054801,0.508048951,0.386731137
TATCAATC,21,,17.05107933,1,(EFGH)9,17,B9,1.19,0,FALSE,CB6.4,TRUE,8,29,2016,8/29/16,8.29.16 CB 6.4-1,866657,814136,665458,309005,0.93939817,0.817379406,0.464349365,0.356548208
TATTCTGT,48,10.6,16.5,2,(EFGH)12,17,D12,0.921,4,FALSE,CB3.3C,TRUE,6,1,2017,6/1/17,6.1.17 G1 4m,124659,114952,94839,45545,0.922131575,0.825031317,0.480234924,0.365356693
TCAAAGCT,13,3.18,16.08730453,1,(EFGH)1,17,B1,0.735,20,FALSE,CB3.3C,TRUE,7,25,2016,7/25/16,7.25.16 BB 20m,524517,487335,392800,193904,0.929111926,0.806016395,0.493645621,0.369681059
TCATTAAG,96,5.85,18.34,4,(EFGH)12,19,H12,0.481,0,FALSE,CB3.3C,TRUE,6,1,2017,6/1/17,6.1.17 G2 0m,42344,39061,31786,20246,0.922468354,0.813752848,0.636947084,0.478131494
TCCCGATG,40,8.34,16.41,2,(EFGH)4,17,D4,0.492,1,FALSE,CB3.3C,TRUE,6,1,2017,6/1/17,6.1.17 G1 1mR,271053,248925,204036,92333,0.918362829,0.819668575,0.452532886,0.340645556
TCCGTGCG,1,5.96,15.26635334,1,(ABCD)1,17,A1,1.97,10,FALSE,CB3.3C,TRUE,8,12,2016,8/12/16,8.12.16 BB 10m,400463,370145,304967,137432,0.924292631,0.823912251,0.45064548,0.343182766
TCGAACAC,87,,18.40437334,4,(EFGH)3,19,H3,0.417,0,FALSE,CB4.3C,TRUE,8,30,2016,8/30/16,8.30.16 CB 4.3C,70307,65458,53570,33224,0.93103105,0.818387363,0.620197872,0.472556075
TCGGCTCG,35,,16.27311984,2,(ABCD)11,17,C11,0.493,0,FALSE,CB3.2,TRUE,8,10,2016,8/10/16,8.10.16 CB 3.2,97640,88678,73650,40201,0.908213847,0.830532939,0.545838425,0.411726751
TCTAGTCG,84,,18.3192992,4,(ABCD)12,19,G12,0.387,0,FALSE,CB7.4,TRUE,8,29,2016,8/29/16,8.29.16 CB 7.4-1,50996,48157,39701,23301,0.944328967,0.824407667,0.586912168,0.45691819
TCTGTATG,91,4.24,17.97,4,(EFGH)7,19,H7,0.405,2,FALSE,CB3.3C,TRUE,6,1,2017,6/1/17,6.1.17 G2 2m,51673,47344,39263,22944,0.916223173,0.829313113,0.584366961,0.444022991
TGACTTAG,77,,18.54732556,4,(ABCD)5,19,G5,0.449,0,FALSE,CB5.4,TRUE,7,11,2016,7/11/16,7.11.16 CB 5.4-2,68332,63893,51231,30473,0.935037757,0.801824926,0.594815639,0.445955043
TGATAATA,59,,17.46517986,3,(ABCD)11,18,E11,0.349,0,FALSE,CB6.1,TRUE,8,8,2016,8/8/16,8.8.16 CB 6.1-1,9239,8631,6972,4571,0.934192012,0.807785888,0.65562249,0.494750514
TGCACCCG,24,,16.80108707,1,(EFGH)12,17,B12,1.1,0,FALSE,CB5.4,TRUE,7,11,2016,7/11/16,7.11.16 CB 5.4-1,411234,384902,314896,158433,0.935968329,0.818119937,0.503128017,0.385262405
TGGGACCT,25,,17.32840735,2,(ABCD)1,17,C1,0.193,0,FALSE,CB6.3,TRUE,8,29,2016,8/29/16,8.29.16 CB 6.3-2,39929,37445,31716,20181,0.937789576,0.84700227,0.636303443,0.505422124
TGTTTCCC,2,4.14,15.67109563,1,(ABCD)2,17,A2,0.942,0,FALSE,CB3.3C,TRUE,7,25,2016,7/25/16,7.25.16 BB 0mA,646278,591435,489626,212117,0.915140234,0.82786105,0.4332225,0.328213246
TTACTATA,23,,17.33351091,1,(EFGH)11,17,B11,0.753,0,FALSE,CB4.4,TRUE,8,29,2016,8/29/16,8.29.16 CB 4.4,648036,604952,482894,264043,0.933516039,0.798235232,0.546792878,0.407451129
TTATCCTT,67,,17.8553737,3,(EFGH)7,18,F7,0.494,0,FALSE,CB5.2,TRUE,7,11,2016,7/11/16,7.11.16 CB 5.2,192590,177669,146535,77971,0.922524534,0.824764027,0.532098134,0.404854873
TTCCAGAT,68,,17.4124713,3,(EFGH)8,18,F8,0.495,0,FALSE,CB5.3,TRUE,8,8,2016,8/8/16,8.8.16 CB 5.3-2,63043,58645,47738,30677,0.930238091,0.81401654,0.642611756,0.486604381
TTGTGGCG,17,,16.71371576,1,(EFGH)5,17,B5,0.459,0,FALSE,CB6.3,TRUE,7,11,2016,7/11/16,7.11.16 CB 6.3-1,386714,362098,296847,150735,0.936345723,0.819797403,0.50778684,0.389784182
TTTAACTG,33,,16.1121792,2,(ABCD)9,17,C9,0.576,0,FALSE,CB2.2,TRUE,7,13,2016,7/13/16,7.13.16 CB 2.2(2),358400,325800,263008,114633,0.909040179,0.807268263,0.435853662,0.31984654